{
  "success": true,
  "data_points": 387,
  "train_samples": 309,
  "test_samples": 78,
  "train_metrics": {
    "accuracy": 0.9967637540453075,
    "cv_mean": 0.9773664727657325,
    "cv_std": 0.016428035353345916,
    "classification_report": {
      "high": {
        "precision": 0.9934640522875817,
        "recall": 1.0,
        "f1-score": 0.9967213114754099,
        "support": 152.0
      },
      "moderate": {
        "precision": 1.0,
        "recall": 0.9936305732484076,
        "f1-score": 0.9968051118210862,
        "support": 157.0
      },
      "accuracy": 0.9967637540453075,
      "macro avg": {
        "precision": 0.9967320261437909,
        "recall": 0.9968152866242038,
        "f1-score": 0.9967632116482481,
        "support": 309.0
      },
      "weighted avg": {
        "precision": 0.996784905979652,
        "recall": 0.9967637540453075,
        "f1-score": 0.9967638896445723,
        "support": 309.0
      }
    },
    "confusion_matrix": [
      [
        152,
        0
      ],
      [
        1,
        156
      ]
    ],
    "class_labels": [
      "high",
      "moderate"
    ]
  },
  "test_metrics": {
    "accuracy": 0.9615384615384616,
    "cv_mean": 0.9491666666666667,
    "cv_std": 0.025467844649893538,
    "classification_report": {
      "high": {
        "precision": 0.972972972972973,
        "recall": 0.9473684210526315,
        "f1-score": 0.96,
        "support": 38.0
      },
      "moderate": {
        "precision": 0.9512195121951219,
        "recall": 0.975,
        "f1-score": 0.9629629629629629,
        "support": 40.0
      },
      "accuracy": 0.9615384615384616,
      "macro avg": {
        "precision": 0.9620962425840475,
        "recall": 0.9611842105263158,
        "f1-score": 0.9614814814814814,
        "support": 78.0
      },
      "weighted avg": {
        "precision": 0.9618173520612546,
        "recall": 0.9615384615384616,
        "f1-score": 0.9615194681861349,
        "support": 78.0
      }
    },
    "confusion_matrix": [
      [
        36,
        2
      ],
      [
        1,
        39
      ]
    ],
    "class_labels": [
      "high",
      "moderate"
    ]
  },
  "feature_importance": {
    "hr_bpm": 0.018283588061536682,
    "hrv_rmssd": 0.5456683188252913,
    "hr_deviation": 0.04625895633394698,
    "hrv_deviation": 0.38978913677922494
  },
  "model_type": "RandomForestClassifier",
  "parameters": {
    "n_estimators": 100,
    "max_depth": 10,
    "class_weight": "balanced"
  },
  "baseline_comparison": {
    "accuracy": 0.8717948717948718,
    "report": {
      "high": {
        "precision": 0.7619047619047619,
        "recall": 1.0,
        "f1-score": 0.8648648648648649,
        "support": 32.0
      },
      "moderate": {
        "precision": 1.0,
        "recall": 0.782608695652174,
        "f1-score": 0.8780487804878049,
        "support": 46.0
      },
      "accuracy": 0.8717948717948718,
      "macro avg": {
        "precision": 0.8809523809523809,
        "recall": 0.8913043478260869,
        "f1-score": 0.8714568226763348,
        "support": 78.0
      },
      "weighted avg": {
        "precision": 0.9023199023199023,
        "recall": 0.8717948717948718,
        "f1-score": 0.8726399945912141,
        "support": 78.0
      }
    }
  },
  "ml_vs_baseline": {
    "ml_accuracy": 0.9615384615384616,
    "baseline_accuracy": 0.8717948717948718,
    "improvement": 0.08974358974358976,
    "improvement_pct": 10.294117647058824
  }
}